target,model_name,family,status,cv_mae,cv_rmse,cv_r2,cv_pearson,cv_spearman,train_mae,train_rmse,train_r2,top_decile_actual_mean,overall_actual_mean,top_decile_lift,params_json,rows_used,notes,baseline_mae,baseline_rmse,baseline_r2,baseline_pearson,baseline_spearman,mae_gain_vs_baseline
bpm,xgb_lr_0.03_depth_2_lambda_8.0,xgboost,ok,1.9492167978022825,2.505375957628235,0.3844491016458267,0.6202446600774014,0.6163102406005848,1.6196920557660293,2.0706540917245237,0.5795316909657726,4.648837209302326,0.8582159624413145,3.7906212468610114,"{""learning_rate"": 0.03, ""max_depth"": 2, ""n_estimators"": 180, ""reg_lambda"": 8.0}",426,,2.5572181999830006,3.2044801907883915,-0.007008974424024261,-0.08193595033810279,-0.06156184209909456,0.6080014021807181
bpm_percentile,lgbm_lr_0.06_leaves_4_lambda_12.0,lightgbm,ok,18.1459965262725,22.80821018882988,0.37562553402581655,0.6168587855129144,0.6154786376354703,13.44268645412425,16.61218255533118,0.668780336915048,83.48891800414894,50.117370892018776,33.371547112130166,"{""learning_rate"": 0.06, ""n_estimators"": 180, ""num_leaves"": 4, ""reg_lambda"": 12.0}",426,,25.054247400632978,28.945568610071007,-0.005603767207621457,-0.07242635995642151,-0.06156184209909456,6.908250874360476
bpr,gbr_depth_1_lr_0.06_leaf_10,gradient_boosting,ok,1.2911266819429057,1.6311186420387678,0.45698526130679085,0.6766793526506456,0.6701051731826578,1.0973264079337355,1.3954737061953972,0.6025487834948382,3.5373684210526313,1.2193386243386242,2.318029796714007,"{""learning_rate"": 0.06, ""max_depth"": 1, ""min_samples_leaf"": 10, ""n_estimators"": 180}",378,,1.7603136703600177,2.21610248570453,-0.002351850905651043,-0.052666065869604865,-0.02780940298896604,0.46918698841711204
porpag,gbr_depth_1_lr_0.06_leaf_5,gradient_boosting,ok,0.9105633168776077,1.1315568430140854,0.11732442350717831,0.35058509878764904,0.32283087143885497,0.7890340840187715,0.9837661098061312,0.3328368142957542,2.2791453720930233,1.4882140657511738,0.7909313063418495,"{""learning_rate"": 0.06, ""max_depth"": 1, ""min_samples_leaf"": 5, ""n_estimators"": 180}",426,,0.9627262033979838,1.2048083647487493,-0.0006548562867028096,-0.03146782787485354,-0.015577776320888474,0.05216288652037604
