conference,avg_power,median_power,seasons,min_power,max_power
Mountain West,36.7225,37.915,4,32.99,38.07
American,36.29,36.235,4,34.55,38.14
West Coast,35.98833333333334,36.085,6,34.66,36.74
Atlantic 10,34.62,34.66,5,33.09,35.45
Missouri Valley,33.4625,33.95,4,31.81,34.14
C-USA,32.21,32.21,2,32.18,32.24
WAC,31.04,30.89,4,29.25,33.13
Southern,30.845,30.845,2,30.14,31.55
Ivy,30.325000000000003,30.325000000000003,2,29.78,30.87
Colonial,29.935000000000002,29.935000000000002,2,29.14,30.73
